{
  "camera_name": "Factory",
  "epochs": 15,
  "batch_size": 256,
  "train_losses": [
    0.14377808680429177,
    0.12049569476858463,
    0.11807132374763099,
    0.11899833148040997,
    0.1159644816070795,
    0.11656979598056257,
    0.11617219101126287,
    0.11649717665673082,
    0.11622310125457695,
    0.11484971147614952,
    0.11521194876457741,
    0.1134240128392098,
    0.1133405868256209,
    0.11367304295033606,
    0.11197732974549914
  ],
  "val_losses": [
    0.11653923890949075,
    0.11906937246813494,
    0.1160358881541327,
    0.11754263805992463,
    0.11896913347680585,
    0.12124105908122718,
    0.11768140044866823,
    0.11349132905403773,
    0.1128247849204961,
    0.11109845301294638,
    0.1119159123574207,
    0.114219542519719,
    0.11565270357661778,
    0.11256264865982767,
    0.11432570141125349
  ],
  "val_accuracies": [
    0.9388661899897855,
    0.9389172625127681,
    0.9400408580183861,
    0.9366189989785495,
    0.9373595505617978,
    0.9363125638406538,
    0.9384831460674158,
    0.9395045965270684,
    0.9399131767109296,
    0.9413687436159346,
    0.9409346271705822,
    0.9379724208375894,
    0.9382788559754852,
    0.9405771195097038,
    0.9379724208375894
  ],
  "best_val_loss": 0.11109845301294638,
  "final_accuracy": 0.9379724208375894
}